4L Word,4L_FLAG,5L word,5L_FLAG,6L word,6L_FLAG
Able,N,Actor,N,Abroad,N
Anti,N,Adult,N,Absorb,N
Area,N,Alarm,N,Accept,N
Army,N,Album,N,Access,N
Away,N,Alive,N,Accuse,N
Baby,N,Allow,N,Across,N
Back,N,Alone,N,Action,N
Ball,N,Along,N,Active,N
Band,N,Anger,N,Actual,N
Bang,N,Angry,N,Adjust,N
Bank,N,Apart,N,Admire,N
Bare,N,Apple,N,Advice,N
Base,N,Audio,N,Affair,N
Bass,N,Avoid,N,Affect,N
Bear,N,Award,N,Afford,N
Beat,N,Basic,N,Afraid,N
Bill,N,Beach,N,Agency,N
Blow,N,Bench,N,Agenda,N
Blue,N,Birth,N,Almost,N
Body,N,Black,N,Always,N
Bold,N,Blind,N,Amount,N
Book,N,Blood,N,Animal,N
Both,N,Booth,N,Annual,N
Burn,N,Brain,N,Answer,N
Busy,N,Bread,N,Anyone,N
Call,N,Break,N,Anyway,N
Calm,N,Chain,N,Appeal,N
Card,N,Chair,N,Appear,N
Care,N,Child,N,Around,N
Case,N,China,N,Arrest,N
Cash,N,Class,N,Arrive,N
Cast,N,Clean,N,Artist,N
City,N,Click,N,Asleep,N
Club,N,Clock,N,Aspect,N
Cold,N,Close,N,Assert,N
Come,N,Count,N,Assess,N
Cook,N,Cover,N,Assign,N
Cool,N,Craft,N,Assist,N
Cope,N,Crash,N,Assume,N
Cost,N,Cream,N,Assure,N
Damn,N,Crime,N,Attach,N
Damp,N,Cross,N,Attack,N
Dare,N,Crowd,N,Attend,N
Dark,N,Crown,N,Author,N
Darn,N,Cycle,N,Barely,N
Date,N,Daily,N,Barrel,N
Dead,N,Dance,N,Basket,N
Deaf,N,Death,N,Battle,N
Deal,N,Drama,N,Beauty,N
Dear,N,Dream,N,Become,N
Deep,N,Dress,N,Before,N
Deny,N,Drink,N,Behind,N
Door,N,Drive,N,Belief,N
Down,N,Early,N,Belong,N
Draw,N,Earth,N,Beside,N
Drop,N,Eight,N,Better,N
Dull,N,Empty,N,Beyond,N
Dumb,N,Enemy,N,Border,N
Duty,N,Enjoy,N,Borrow,N
Earn,N,Enter,N,Bother,N
East,N,Entry,N,Bottle,N
Easy,N,Equal,N,Bottom,N
Edge,N,Error,N,Branch,N
Else,N,Event,N,Breast,N
Else,N,Faith,N,Breath,N
Even,N,Fight,N,Bridge,N
Ever,N,Final,N,Bright,N
Evil,N,First,N,Broken,N
Face,N,Fixed,N,Budget,N
Fact,N,Flash,N,Bullet,N
Fail,N,Focus,N,Burden,N
Fair,N,Fresh,N,Butter,N
Fall,N,Fruit,N,Button,N
Farm,N,Funny,N,Camera,N
Fast,N,Giant,N,Campus,N
Fear,N,Glass,N,Cancer,N
Feel,N,Globe,N,Carbon,N
File,N,Grand,N,Career,N
Fill,N,Grass,N,Center,N
Film,N,Great,N,Chance,N
Find,N,Green,N,Change,N
Fine,N,Group,N,Charge,N
Fire,N,Happy,N,Cheese,N
Firm,N,Heart,N,Choice,N
Fish,N,Heavy,N,Choose,N
Flat,N,Horse,N,Church,N
Flip,N,Hotel,N,Circle,N
Fond,N,House,N,Client,N
Food,N,Human,N,Clinic,N
Foot,N,Image,N,Closer,N
Fore,N,Irony,N,Coffee,N
Form,N,Judge,N,Column,N
Foul,N,Juice,N,Comedy,N
Free,N,Large,N,Commit,N
From,N,Laugh,N,Common,N
Full,N,Learn,N,Common 6 letter words starting with C,N
Fund,N,Light,N,Common 6 letter words starting with D,N
Gain,N,Limit,N,Cookie,N
Game,N,Local,N,Corner,N
Girl,N,Lucky,N,County,N
Give,N,Lunch,N,Couple,N
Glad,N,Magic,N,Course,N
Goal,N,March,N,Cousin,N
Gold,N,Match,N,Create,N
Good,N,Media,N,Credit,N
Grey,N,Metal,N,Crisis,N
Grow,N,Mixed,N,Critic,N
Hair,N,Model,N,Custom,N
Half,N,Money,N,Damage,N
Hall,N,Month,N,Danger,N
Hand,N,Motor,N,Dealer,N
Hang,N,Mouse,N,Debate,N
Hard,N,Mouth,N,Decade,N
Hate,N,Movie,N,Decide,N
Have,N,Music,N,Deeply,N
Head,N,Needs,N,Defeat,N
Hear,N,Never,N,Defend,N
Heck,N,Night,N,Define,N
Hell,N,Noise,N,Degree,N
Help,N,North,N,Demand,N
Here,N,Novel,N,Depend,N
Hide,N,Nurse,N,Depict,N
High,N,Ocean,N,Deputy,N
Hill,N,Offer,N,Derive,N
Hold,N,Order,N,Desert,N
Holy,N,Paint,N,Design,N
Home,N,Paper,N,Desire,N
Honk,N,Party,N,Detail,N
Hope,N,Peace,N,Detect,N
Hour,N,Phone,N,Device,N
Huge,N,Photo,N,Devote,N
Hurt,N,Piece,N,Differ,N
Idea,N,Pilot,N,Dining,N
Into,N,Place,N,Dinner,N
Join,N,Plane,N,Direct,N
Jump,N,Plant,N,Divide,N
Just,N,Power,N,Doctor,N
Keep,N,Press,N,Double,N
Kill,N,Price,N,Driver,N
Kind,N,Print,N,During,N
King,N,Prize,N,Easily,N
Know,N,Proof,N,Editor,N
Lack,N,Proud,N,Effect,N
Lady,N,Queen,N,Effort,N
Land,N,Quick,N,Either,N
Last,N,Radio,N,Emerge,N
Late,N,Ready,N,Employ,N
Lazy,N,Right,N,Enable,N
Lead,N,River,N,Energy,N
Lend,N,Rough,N,Engage,N
Lest,N,Round,N,Engine,N
Life,N,Royal,N,Enough,N
Lift,N,Rural,N,Ensure,N
Like,N,Scale,N,Entire,N
Line,N,Score,N,Escape,N
Link,N,Sense,N,Estate,N
List,N,Seven,N,Ethics,N
Live,N,Shape,N,Ethnic,N
Long,N,Share,N,Evolve,N
Look,N,Sharp,N,Exceed,N
Lord,N,Sheet,N,Except,N
Lose,N,Shelf,N,Expand,N
Loss,N,Shirt,N,Expect,N
Loud,N,Shock,N,Expert,N
Love,N,Shoot,N,Expose,N
Main,N,Short,N,Extend,N
Make,N,Skill,N,Extent,N
Male,N,Sleep,N,Fabric,N
Many,N,Slide,N,Factor,N
Mark,N,Small,N,Fairly,N
Mass,N,Smart,N,Family,N
Mean,N,Smile,N,Famous,N
Meet,N,Smoke,N,Farmer,N
Meow,N,Solve,N,Father,N
Mild,N,Sorry,N,Fellow,N
Mind,N,Sound,N,Female,N
Mine,N,South,N,Figure,N
Miss,N,Space,N,Finger,N
Move,N,Speak,N,Finish,N
Much,N,Speed,N,Flavor,N
Must,N,Spend,N,Flight,N
Name,N,Split,N,Flower,N
Near,N,Sport,N,Follow,N
Neat,N,Staff,N,Forest,N
Need,N,Stage,N,Forget,N
News,N,Stand,N,Formal,N
Next,N,Start,N,Former,N
Nice,N,State,N,Fourth,N
Note,N,Steam,N,Freeze,N
Okay,N,Steel,N,Friend,N
Once,N,Stick,N,Future,N
Only,N,Stone,N,Galaxy,N
Onto,N,Store,N,Garage,N
Oops,N,Storm,N,Garden,N
Open,N,Story,N,Garlic,N
Oral,N,Stuck,N,Gather,N
Ouch,N,Study,N,Gender,N
Ours,N,Style,N,Gently,N
Over,N,Sugar,N,Gifted,N
Page,N,Super,N,Glance,N
Pain,N,Sweet,N,Global,N
Pair,N,Table,N,Golden,N
Pale,N,Taste,N,Ground,N
Park,N,Taxes,N,Growth,N
Part,N,Teach,N,Guilty,N
Pass,N,Teeth,N,Handle,N
Past,N,Thank,N,Happen,N
Path,N,Thick,N,Hardly,N
Phew,N,Think,N,Health,N
Pick,N,Third,N,Heaven,N
Pink,N,Three,N,Height,N
Plan,N,Throw,N,Highly,N
Play,N,Tight,N,Honest,N
Poor,N,Times,N,Horror,N
Post,N,Tired,N,Hungry,N
Pray,N,Title,N,Hunter,N
Pull,N,Today,N,Ignore,N
Pure,N,Topic,N,Impact,N
Push,N,Total,N,Impose,N
Race,N,Touch,N,Income,N
Rain,N,Tough,N,Indeed,N
Rare,N,Tower,N,Infant,N
Rate,N,Train,N,Inform,N
Read,N,Treat,N,Injury,N
Real,N,Truck,N,Inside,N
Rely,N,Trust,N,Insist,N
Rest,N,Truth,N,Intend,N
Rich,N,Urban,N,Invest,N
Ride,N,Valid,N,Invite,N
Ring,N,Value,N,Island,N
Rise,N,Video,N,Itself,N
Road,N,Virus,N,Jacket,N
Rock,N,Visit,N,Junior,N
Role,N,Voice,N,Latter,N
Roll,N,Waste,N,Launch,N
Room,N,Watch,N,Lawyer,N
Rude,N,Water,N,Leader,N
Rule,N,Wheel,N,League,N
Safe,N,White,N,Legacy,N
Same,N,Woman,N,Legend,N
Save,N,World,N,Length,N
Save,N,Worry,N,Lesson,N
Seat,N,Worst,N,Letter,N
Seek,N,Wound,N,Likely,N
Seem,N,Write,N,Listen,N
Self,N,Wrong,N,Little,N
Sell,N,Young,N,Living,N
Send,N,Youth,N,Locate,N
Shop,N,,,Lovely,N
Show,N,,,Mainly,N
Shut,N,,,Makeup,N
Sick,N,,,Manage,N
Side,N,,,Manner,N
Sign,N,,,Margin,N
Sing,N,,,Market,N
Site,N,,,Master,N
Size,N,,,Matter,N
Skin,N,,,Medium,N
Slim,N,,,Member,N
Slip,N,,,Memory,N
Slow,N,,,Mental,N
Soft,N,,,Merely,N
Solo,N,,,Method,N
Some,N,,,Middle,N
Soon,N,,,Minute,N
Sore,N,,,Mirror,N
Sort,N,,,Modern,N
Star,N,,,Modest,N
Stay,N,,,Moment,N
Step,N,,,Mostly,N
Stop,N,,,Mother,N
Such,N,,,Motion,N
Sure,N,,,Murder,N
Take,N,,,Muscle,N
Talk,N,,,Museum,N
Tall,N,,,Mutual,N
Task,N,,,Myself,N
Team,N,,,Narrow,N
Tell,N,,,Nation,N
Term,N,,,Native,N
Test,N,,,Nature,N
Text,N,,,Nearby,N
That,N,,,Nearly,N
That,N,,,Nobody,N
Them,N,,,Normal,N
Then,N,,,Notice,N
Then,N,,,Notion,N
They,N,,,Number,N
Thin,N,,,Object,N
This,N,,,Obtain,N
Tidy,N,,,Occupy,N
Till,N,,,Office,N
Time,N,,,Online,N
Tiny,N,,,Oppose,N
Tone,N,,,Option,N
Tour,N,,,Orange,N
Town,N,,,Origin,N
Tree,N,,,Others,N
Turn,N,,,Parent,N
Type,N,,,Partly,N
Ugly,N,,,People,N
Unit,N,,,Pepper,N
User,N,,,Period,N
Vain,N,,,Permit,N
Very,N,,,Person,N
Vice,N,,,Phrase,N
View,N,,,Planet,N
Vote,N,,,Player,N
Wait,N,,,Please,N
Wake,N,,,Plenty,N
Walk,N,,,Pocket,N
Wall,N,,,Poetry,N
Want,N,,,Police,N
Warm,N,,,Policy,N
Warn,N,,,Potato,N
Wary,N,,,Powder,N
Wash,N,,,Prayer,N
Weak,N,,,Prefer,N
Wear,N,,,Pretty,N
Week,N,,,Priest,N
West,N,,,Prison,N
What,N,,,Profit,N
When,N,,,Prompt,N
When,N,,,Proper,N
Wide,N,,,Public,N
Wife,N,,,Pursue,N
Wild,N,,,Racial,N
Will,N,,,Rarely,N
Wind,N,,,Rather,N
Wine,N,,,Rating,N
Wise,N,,,Reader,N
Wish,N,,,Really,N
With,N,,,Reason,N
Wood,N,,,Recall,N
Word,N,,,Recent,N
Work,N,,,Recipe,N
Year,N,,,Record,N
Your,N,,,Reduce,N
Zero,N,,,Reform,N
,,,,Refuse,N
,,,,Regard,N
,,,,Regime,N
,,,,Region,N
,,,,Reject,N
,,,,Relate,N
,,,,Relief,N
,,,,Remain,N
,,,,Remind,N
,,,,Remote,N
,,,,Remove,N
,,,,Repeat,N
,,,,Report,N
,,,,Resist,N
,,,,Resort,N
,,,,Result,N
,,,,Retain,N
,,,,Retire,N
,,,,Return,N
,,,,Reveal,N
,,,,Review,N
,,,,Rhythm,N
,,,,Sacred,N
,,,,Safety,N
,,,,Salary,N
,,,,Sample,N
,,,,Saving,N
,,,,Scared,N
,,,,Scheme,N
,,,,School,N
,,,,Scream,N
,,,,Screen,N
,,,,Script,N
,,,,Search,N
,,,,Season,N
,,,,Second,N
,,,,Secret,N
,,,,Sector,N
,,,,Secure,N
,,,,Select,N
,,,,Senior,N
,,,,Series,N
,,,,Settle,N
,,,,Severe,N
,,,,Shadow,N
,,,,Should,N
,,,,Shower,N
,,,,Signal,N
,,,,Silent,N
,,,,Simple,N
,,,,Simply,N
,,,,Singer,N
,,,,Single,N
,,,,Sister,N
,,,,Slight,N
,,,,Slowly,N
,,,,Smooth,N
,,,,Soccer,N
,,,,Social,N
,,,,Source,N
,,,,Speech,N
,,,,Spirit,N
,,,,Spread,N
,,,,Spring,N
,,,,Square,N
,,,,Stable,N
,,,,Status,N
,,,,Steady,N
,,,,Stream,N
,,,,Street,N
,,,,Stress,N
,,,,Strike,N
,,,,String,N
,,,,Stroke,N
,,,,Strong,N
,,,,Studio,N
,,,,Stupid,N
,,,,Submit,N
,,,,Sudden,N
,,,,Suffer,N
,,,,Summer,N
,,,,Summit,N
,,,,Supply,N
,,,,Surely,N
,,,,Survey,N
,,,,Switch,N
,,,,Symbol,N
,,,,System,N
,,,,Tactic,N
,,,,Talent,N
,,,,Target,N
,,,,Tennis,N
,,,,Terror,N
,,,,Thanks,N
,,,,Theory,N
,,,,Thirty,N
,,,,Though,N
,,,,Threat,N
,,,,Throat,N
,,,,Ticket,N
,,,,Tissue,N
,,,,Tomato,N
,,,,Tongue,N
,,,,Toward,N
,,,,Travel,N
,,,,Treaty,N
,,,,Tunnel,N
,,,,Twelve,N
,,,,Twenty,N
,,,,Unable,N
,,,,Unique,N
,,,,United,N
,,,,Unless,N
,,,,Unlike,N
,,,,Useful,N
,,,,Valley,N
,,,,Versus,N
,,,,Vessel,N
,,,,Victim,N
,,,,Viewer,N
,,,,Virtue,N
,,,,Vision,N
,,,,Visual,N
,,,,Volume,N
,,,,Wander,N
,,,,Wealth,N
,,,,Weekly,N
,,,,Weight,N
,,,,Widely,N
,,,,Window,N
,,,,Winner,N
,,,,Winter,N
,,,,Wisdom,N
,,,,Within,N
,,,,Wonder,N
,,,,Wooden,N
,,,,Worker,N
,,,,Writer,N
,,,,Yellow,N